{"cameraMode":{"drawMode":0,"name":"Shaded","section":"Shading Mode"},"sceneLighting":true,"audioPlay":false,"sceneViewState":{"m_AlwaysRefresh":false,"showFog":true,"showSkybox":true,"showFlares":true,"showImageEffects":true,"showParticleSystems":true,"showVisualEffectGraphs":true,"m_FxEnabled":true},"in2DMode":false,"pivot":{"x":54.92267608642578,"y":-4.823476314544678,"z":44.68904113769531},"rotation":{"x":0.23187030851840974,"y":-0.001459120656363666,"z":0.00034780631540343165,"w":0.9727463126182556},"size":21.133766174316408,"orthographic":false}