{"cameraMode":{"drawMode":0,"name":"Shaded","section":"Shading Mode"},"sceneLighting":false,"audioPlay":false,"sceneViewState":{"m_AlwaysRefresh":false,"showFog":true,"showSkybox":false,"showFlares":true,"showImageEffects":true,"showParticleSystems":true,"showVisualEffectGraphs":true,"m_FxEnabled":true},"in2DMode":false,"pivot":{"x":55.67795944213867,"y":3.6234238147735597,"z":25.418132781982423},"rotation":{"x":0.029954390600323678,"y":-0.8573199510574341,"z":0.050210561603307727,"w":0.5114566683769226},"size":5.271891117095947,"orthographic":true}